<?xml version="1.0" encoding="UTF-8"?>

<databaseChangeLog
        xmlns="http://www.liquibase.org/xml/ns/dbchangelog"
        xmlns:xsi="http://www.w3.org/2001/XMLSchema-instance"
        xsi:schemaLocation="http://www.liquibase.org/xml/ns/dbchangelog
         http://www.liquibase.org/xml/ns/dbchangelog/dbchangelog-3.1.xsd">
    <changeSet id="01" author="sdelamo">
        <createTable tableName="book" remarks="A table to contain all books">
            <column name="isbn" type="varchar(255)">
                <constraints nullable="false" unique="true" primaryKey="true"/>
            </column>
            <column name="title" type="varchar(255)">
                <constraints nullable="false"/>
            </column>
            <column name="price" type="NUMERIC">
                <constraints nullable="false"/>
            </column>
            <column name="about" type="LONGVARCHAR">
                <constraints nullable="true"/>
            </column>
        </createTable>
    </changeSet>
</databaseChangeLog>
