<?xml version="1.0" encoding="UTF-8"?>
<databaseChangeLog
  xmlns="http://www.liquibase.org/xml/ns/dbchangelog"
  xmlns:xsi="http://www.w3.org/2001/XMLSchema-instance"
  xsi:schemaLocation="http://www.liquibase.org/xml/ns/dbchangelog http://www.liquibase.org/xml/ns/dbchangelog/dbchangelog-3.1.xsd">
  <changeSet id="01" author="sdelamo">
    <createTable tableName="person"
	  remarks="A table to contain persons">
	  <column name="id" type="BIGINT">
	    <constraints nullable="false"
		             unique="true"
					primaryKey="true"
					 primaryKeyName="personPK"/>
	  </column>
	  <column name="version" type="BIGINT">
	    <constraints nullable="false"/>
	  </column>
	  <column name="age" type="INT">
	    <constraints nullable="false"/>
	  </column>
	</createTable>
  </changeSet>
</databaseChangeLog>