[
  {
    "name": "io.micronaut.views.fields.Fieldset",
    "queryAllDeclaredMethods": true,
    "methods": [
      {
        "name": "errors",
        "parameterTypes": []
      },
      {
        "name": "fields",
        "parameterTypes": []
      }
    ]
  },
  {
    "name": "io.micronaut.views.fields.Form",
    "queryAllDeclaredMethods": true,
    "methods": [
      {
        "name": "action",
        "parameterTypes": []
      },
      {
        "name": "fieldset",
        "parameterTypes": []
      },
      {
        "name": "method",
        "parameterTypes": []
      }
    ]
  },
  {
    "name": "io.micronaut.views.fields.FormElement",
    "queryAllDeclaredMethods": true
  },
  {
    "name": "io.micronaut.views.fields.HtmlTag",
    "queryAllDeclaredMethods": true,
    "methods": [
      {
        "name": "toString",
        "parameterTypes": []
      }
    ]
  },
  {
    "name": "io.micronaut.views.fields.InputType",
    "queryAllDeclaredMethods": true,
    "methods": [
      {
        "name": "toString",
        "parameterTypes": []
      }
    ]
  },
  {
    "name": "io.micronaut.views.fields.elements.FormElementAttributes",
    "queryAllDeclaredMethods": true,
    "methods": [
      {
        "name": "hasErrors",
        "parameterTypes": []
      }
    ]
  },
  {
    "name": "io.micronaut.views.fields.elements.InputFormElement",
    "queryAllDeclaredMethods": true,
    "methods": [
      {
        "name": "getTag",
        "parameterTypes": []
      }
    ]
  },
  {
    "name": "io.micronaut.views.fields.elements.InputPasswordFormElement",
    "queryAllDeclaredMethods": true,
    "queryAllPublicMethods": true,
    "methods": [
      {
        "name": "errors",
        "parameterTypes": []
      },
      {
        "name": "getType",
        "parameterTypes": []
      },
      {
        "name": "id",
        "parameterTypes": []
      },
      {
        "name": "label",
        "parameterTypes": []
      },
      {
        "name": "maxLength",
        "parameterTypes": []
      },
      {
        "name": "minLength",
        "parameterTypes": []
      },
      {
        "name": "name",
        "parameterTypes": []
      },
      {
        "name": "pattern",
        "parameterTypes": []
      },
      {
        "name": "placeholder",
        "parameterTypes": []
      },
      {
        "name": "readOnly",
        "parameterTypes": []
      },
      {
        "name": "required",
        "parameterTypes": []
      },
      {
        "name": "size",
        "parameterTypes": []
      },
      {
        "name": "value",
        "parameterTypes": []
      }
    ]
  },
  {
    "name": "io.micronaut.views.fields.elements.InputStringFormElement",
    "queryAllDeclaredMethods": true
  },
  {
    "name": "io.micronaut.views.fields.elements.InputSubmitFormElement",
    "queryAllDeclaredMethods": true,
    "queryAllPublicMethods": true,
    "methods": [
      {
        "name": "getType",
        "parameterTypes": []
      },
      {
        "name": "value",
        "parameterTypes": []
      }
    ]
  },
  {
    "name": "io.micronaut.views.fields.elements.InputTextFormElement",
    "queryAllDeclaredMethods": true,
    "queryAllPublicMethods": true,
    "methods": [
      {
        "name": "errors",
        "parameterTypes": []
      },
      {
        "name": "getType",
        "parameterTypes": []
      },
      {
        "name": "id",
        "parameterTypes": []
      },
      {
        "name": "label",
        "parameterTypes": []
      },
      {
        "name": "maxLength",
        "parameterTypes": []
      },
      {
        "name": "minLength",
        "parameterTypes": []
      },
      {
        "name": "name",
        "parameterTypes": []
      },
      {
        "name": "pattern",
        "parameterTypes": []
      },
      {
        "name": "placeholder",
        "parameterTypes": []
      },
      {
        "name": "readOnly",
        "parameterTypes": []
      },
      {
        "name": "required",
        "parameterTypes": []
      },
      {
        "name": "size",
        "parameterTypes": []
      },
      {
        "name": "value",
        "parameterTypes": []
      }
    ]
  },
  {
    "name": "io.micronaut.views.fields.messages.Message",
    "queryAllDeclaredMethods": true,
    "methods": [
      {
        "name": "code",
        "parameterTypes": []
      },
      {
        "name": "defaultMessage",
        "parameterTypes": []
      }
    ]
  }
]