<configuration>

    <appender name="STDOUT" class="ch.qos.logback.core.ConsoleAppender">
        <encoder>
            <pattern>%d{HH:mm:ss.SSS} [%thread] %-5level %logger{36} - %msg%n</pattern>
        </encoder>
    </appender>

    <root level="info">
        <appender-ref ref="STDOUT" />
    </root>

    <logger name="io.micronaut.objectstorage" level="DEBUG"/>
    <logger name="io.micronaut.gcp" level="DEBUG"/>
    <logger name="com.google.cloud" level="DEBUG"/>
    <logger name="org.testcontainers" level="WARN"/>
</configuration>
